index,published,keyword,domain,language,valid,title,description,url,image,archive,content,quote,de,en,la,added
518bf90cc82f994d59f52cd74f0b5d14,2025-11-01T04:00:30Z,'Kältebus',www.zeit.de,de,0.0,Obdachlosigkeit: Kältebusse rollen wieder – Hilfe für Berlins Obdachlose,Hier finden Sie Informationen zu dem Thema „Obdachlosigkeit“. Lesen Sie jetzt „Kältebusse rollen wieder – Hilfe für Berlins Obdachlose“.,https://www.zeit.de/news/2025-11/01/kaeltebusse-rollen-wieder-hilfe-fuer-berlins-obdachlose,https://img.zeit.de/news/2025-11/01/kaeltebusse-rollen-wieder-hilfe-fuer-berlins-obdachlose-image-group/wide__1300x731,,"In Berlin sind wieder mehrere Kältebusse im Einsatz, um obdachlosen Menschen in der kalten Jahreszeit zu helfen. Sie fahren durch die Stadt und bieten Unterstützung in Form von warmen Getränken, Klei… [+1415 chars]",,Obdachlosigkeit: Kältebusse rollen wieder – Hilfe für Berlins Obdachlose. Hier finden Sie Informationen zu dem Thema „Obdachlosigkeit“. Lesen Sie jetzt „Kältebusse rollen wieder – Hilfe für Berlins Obdachlose“.,Homelessness: Cold buses are rolling again - help for Berlin's homeless. Here you will find information on the topic of “homelessness”. Now read “Refrigerated buses are rolling again – help for Berlin’s homeless”.,"Tegmen: negotia frigida iterum volvuntur - auxilium pro profugo Berolinensi. Hic informationes invenies in argumento ""destitutio"". Nunc legitur ""buses refrigeretis iterum volvuntur - auxilium pro profugo Berolinensi"".",2025-10-21 13:07:08+00:00
88c001eff4e2711b52218f2eaf67bc6f,2025-11-01T04:00:30Z,'Kältebus',www.stern.de,de,0.0,Obdachlosigkeit: Kältebusse rollen wieder – Hilfe für Berlins Obdachlose,"Berlin (bb) - In Berlin sind wieder mehrere Kältebusse im Einsatz, um obdachlosen Menschen in der kalten Jahreszeit zu helfen. Sie fahren durch die Stadt",https://www.stern.de/gesellschaft/regional/berlin-brandenburg/obdachlosigkeit--kaeltebusse-rollen-wieder---hilfe-fuer-berlins-obdachlose-36180042.html,https://image.stern.de/36180044/t/c1/v1/w1440/r1.7778/-/01--efw77scqu6v7axs2048jpeg---97cc7d3ef00c8bdf.jpg,,"Kopiere den aktuellen Link
Zur Merkliste hinzufügen
Warme Getränke, Schlafsäcke und eine Fahrt ins Trockene: Die Teams der Kältebusse machen Berliner Nächte für Menschen ohne Zuhause ein Stück sich… [+1887 chars]",,"Obdachlosigkeit: Kältebusse rollen wieder – Hilfe für Berlins Obdachlose. Berlin (bb) - In Berlin sind wieder mehrere Kältebusse im Einsatz, um obdachlosen Menschen in der kalten Jahreszeit zu helfen. Sie fahren durch die Stadt","Homelessness: Cold buses are rolling again - help for Berlin's homeless. Berlin (bb) - In Berlin, several cold buses are once again in use to help homeless people in the cold season. They drive through the city","Tegmen: negotia frigida iterum volvuntur - auxilium pro profugo Berolinensi. Berlin (bb) - In Berlin, complures scopuli frigidi iterum in usu sunt, ut homines tempore frigoris profugos adiuvent. Per urbem pellunt",2025-10-21 13:07:08+00:00
af8405322587db84058424ea71e09ff1,2025-11-01T04:01:45Z,'Kältebus',www.tagesspiegel.de,de,0.0,Obdachlosigkeit: Kältebusse rollen wieder – Hilfe für Berlins Obdachlose,"Warme Getränke, Schlafsäcke und eine Fahrt ins Trockene: Die Teams der Kältebusse machen Berliner Nächte für Menschen ohne Zuhause ein Stück sicherer.",https://www.tagesspiegel.de/berlin/obdachlosigkeit-kaltebusse-rollen-wieder--hilfe-fur-berlins-obdachlose-14720765.html,https://www.tagesspiegel.de/images/14720762/alternates/BASE_16_9_W1400/1761969705000/unterwegs-mit-dem-kaltebus.jpeg,,"In Berlin sind wieder mehrere Kältebusse im Einsatz, um obdachlosen Menschen in der kalten Jahreszeit zu helfen. Sie fahren durch die Stadt und bieten Unterstützung in Form von warmen Getränken, Klei… [+1474 chars]",,"Obdachlosigkeit: Kältebusse rollen wieder – Hilfe für Berlins Obdachlose. Warme Getränke, Schlafsäcke und eine Fahrt ins Trockene: Die Teams der Kältebusse machen Berliner Nächte für Menschen ohne Zuhause ein Stück sicherer.","Homelessness: Cold buses are rolling again - help for Berlin's homeless. Warm drinks, sleeping bags and a ride somewhere dry: the cold bus teams make Berlin nights a little safer for people without a home.","Tegmen: negotia frigida iterum volvuntur - auxilium pro profugo Berolinensi. Calidum bibit, saccos dormientes et alicubi aridum equitant: iunctiones frigidae bus Berolini noctes faciunt paulo tutiores hominibus sine domo.",2025-10-21 13:07:08+00:00
f7f078cabf6e56c34a8b46212f1b4827,2025-11-02T10:03:56Z,'Kältebus',www.morgenpost.de,de,0.0,Kältebusse rollen wieder – Hilfe für Berlins Obdachlose,"Warme Getränke, Schlafsäcke, eine Fahrt ins Trockene: Teams der Kältebusse machen Berliner Nächte für Menschen ohne Zuhause ein Stück sicherer.",https://www.morgenpost.de/berlin/article410359442/kaeltebusse-rollen-wieder-hilfe-fuer-berlins-obdachlose.html,https://img.sparknews.funkemedien.de/408301295/408301295_1739458826_v16_9_1600.jpeg,,"In Berlin sind wieder mehrere Kältebusse im Einsatz, um obdachlosen Menschen in der kalten Jahreszeit zu helfen. Sie fahren durch die Stadt und bieten Unterstützung in Form von warmen Getränken, Klei… [+1470 chars]",,"Kältebusse rollen wieder – Hilfe für Berlins Obdachlose. Warme Getränke, Schlafsäcke, eine Fahrt ins Trockene: Teams der Kältebusse machen Berliner Nächte für Menschen ohne Zuhause ein Stück sicherer.","Cold buses are rolling again - help for Berlin's homeless. Warm drinks, sleeping bags, a ride somewhere dry: cold bus teams make Berlin nights a little safer for people without a home.","Buses frigidae iterum volvuntur - auxilium pro profugo Berolinensi. Calidum potiones, saccos dormientes, equitant alicubi siccum: iunctiones frigidae bus Berolini noctes faciunt paulo tutiores hominibus sine domo.",2025-10-21 13:07:08+00:00
eb57a02a99ef2eff1ddaf1e34482f5f9,2025-11-01T02:30:14Z,'Wintereinbruch',www.stern.de,de,0.1,Preise steigen leicht: Skigebiete in Hessen rüsten für den Winterbetrieb auf,In Hessens Skigebieten laufen die Vorbereitungen für die Wintersaison. Was in Willingen und auf der Wasserkuppe jetzt schon alles für den Start getan wird.,https://www.stern.de/gesellschaft/regional/hessen/preise-steigen-leicht--skigebiete-in-hessen-ruesten-fuer-den-winterbetrieb-auf-36179836.html,https://image.stern.de/36179838/t/G2/v1/w1440/r1.7778/-/01--q4kmtakko5v9axs2048jpeg---d623c13d71e23829.jpg,,"Kopiere den aktuellen Link
Zur Merkliste hinzufügen
In Hessens Skigebieten laufen die Vorbereitungen für die Wintersaison. Was in Willingen und auf der Wasserkuppe jetzt schon alles für den Start g… [+3769 chars]",,Preise steigen leicht: Skigebiete in Hessen rüsten für den Winterbetrieb auf. In Hessens Skigebieten laufen die Vorbereitungen für die Wintersaison. Was in Willingen und auf der Wasserkuppe jetzt schon alles für den Start getan wird.,Prices are rising slightly: ski areas in Hesse are preparing for winter operations. Preparations for the winter season are underway in Hesse's ski areas. Everything is already being done in Willingen and on the Wasserkuppe for the start.,Pretia leviter ascendunt: areas ski in Hassia ad operationes hiemales parant. Praeparatae hiemales in locis ski Hessei comparatae sunt. Omnia iam in Willingen et in Wasserkuppe pro committitur.,2025-10-21 13:07:08+00:00
feab91962fc3510f847589f293cfc2b4,2025-11-01T07:30:37Z,'Wintereinbruch',tirol.orf.at,de,0.1,Der Oktober war in Tirol ein trockener Monat,Der Oktober war in Tirol relativ niederschlagsarm. Die Temperaturen wie auch die Sonnenscheindauer lagen im Durchschnitt leicht unter den langjährigen Mittelwerten. Die Daten der GeoSphere Austria zeigen noch einige weitere Details.,https://tirol.orf.at/stories/3328136/,https://ibs.orf.at/tir?image=https%3A%2F%2Foekastatic.orf.at%2Fmims%2F2025%2F44%2F21%2Fcrops%2Fw%3D1200%2Ch%3D627%2Cq%3D75%2F2818535_master_1087821_564141879_2311572122598920_4948033683856402560_n.jpg%3Fs%3Df6f21cb3c7a5a4b9feb069715123d125d600d69a,,"In Lienz werden in einem durchschnittlichen Oktober 105 Millimeter Regen registriert, im heurigen Oktober waren es nur 33 Millimeter. Anders schaut die Situation weiter nördlich aus, nämlich in den K… [+1089 chars]",,Der Oktober war in Tirol ein trockener Monat. Der Oktober war in Tirol relativ niederschlagsarm. Die Temperaturen wie auch die Sonnenscheindauer lagen im Durchschnitt leicht unter den langjährigen Mittelwerten. Die Daten der GeoSphere Austria zeigen noch einige weitere Details.,"October was a dry month in Tyrol. October had relatively little precipitation in Tyrol. On average, the temperatures and the duration of sunshine were slightly below the long-term averages. The data from GeoSphere Austria shows a few more details.","October mensis in Tyrolis siccus erat. Octobris relative parum praecipitatio in Tyrol habuit. Mediocris, temperaturas et solis durationes paulo infra averages longum tempus erant. Notitia ex GeoSphere Austria pauca plura demonstrat.",2025-10-21 13:07:08+00:00
ff3173f417cc17dee7a8d2cb7e13d8f2,2025-11-03T11:27:00Z,'Kälte Heizen',www.stern.de,de,0.1,Gegen Schimmel: Mit diesen Tipps können Sie zu Hause die Luftfeuchtigkeit senken,"Wenn Sie zuhause beschlagene Fensterscheiben sehen, kann es sein, dass die Luftfeuchtigkeit zu hoch ist. Wie Sie sie senken können und was Sie noch beachten sollten.",https://www.stern.de/familie/luftfeuchtigkeit-senken--diese-tipps-helfen-am-besten-33946060.html,https://image.stern.de/33946062/t/Fu/v4/w1440/r1.7778/-/luftfeuchtigkeit-senken.jpg,,"Kopiere den aktuellen Link
Zur Merkliste hinzufügen
Wenn Sie zuhause beschlagene Fensterscheiben sehen, kann es sein, dass die Luftfeuchtigkeit zu hoch ist. Wie Sie sie senken können und was Sie no… [+6284 chars]",,"Gegen Schimmel: Mit diesen Tipps können Sie zu Hause die Luftfeuchtigkeit senken. Wenn Sie zuhause beschlagene Fensterscheiben sehen, kann es sein, dass die Luftfeuchtigkeit zu hoch ist. Wie Sie sie senken können und was Sie noch beachten sollten.","Against mold: With these tips you can reduce the humidity at home. If you see foggy windows at home, the humidity may be too high. How you can lower them and what else you should consider.","Contra formam: His apicibus humiditatem domi reducere potes. Si nebulosas fenestras domi videris, humiditas nimis alta sit. Quomodo eos demittere et quid aliud considerare possis.",2025-10-21 13:07:08+00:00
6f3074944db9bc3a8cf098c3a636906d,2025-11-04T10:52:22Z,'Wintereinbruch',www.bild.de,de,0.1,Was Experten davon halten - Kalender verspricht Winter und weiße Weihnachten,Der Winter kommt und alle wollen Schnee: am liebsten ab jetzt und bis in den Februar hinein. Hoffnung macht vielen Fans der Hundertjährige Kalender.,https://www.bild.de/news/wetter/kalender-verspricht-winter-und-weisse-weihnachten-was-experten-sagen-6909a4980580923d0998674a,"https://images.bild.de/6909a4980580923d0998674a/5a593631a6a02b5c550cac7ca9342258,4bda1038?w=1280",http://web.archive.org/web/20251109055218/https://www.bild.de/news/wetter/kalender-verspricht-winter-und-weisse-weihnachten-was-experten-sagen-6909a4980580923d0998674a,Der Winter kommt und alle wollen Schnee: am liebsten ab jetzt und bis in den Februar hinein. Hoffnung macht vielen Fans der Hundertjährige Kalender denn der verspricht für dieses Jahr eine Menge Weiß… [+3393 chars],,Was Experten davon halten - Kalender verspricht Winter und weiße Weihnachten. Der Winter kommt und alle wollen Schnee: am liebsten ab jetzt und bis in den Februar hinein. Hoffnung macht vielen Fans der Hundertjährige Kalender.,What experts think - Calendar promises winter and a white Christmas. Winter is coming and everyone wants snow: preferably from now until February. The centennial calendar gives many fans hope.,Quod periti putant - Kalendarium promittit hiems et albam Nativitatem Domini. Hiems venit et omnes nives cupiunt: potius amodo usque ad Februarium. Calendarium centesimum multas spes alittates dat.,2025-10-21 13:07:08+00:00
f46dd184c97e94a18116ec76f5fac309,2025-11-06T07:13:11Z,'Glatteis',www.morgenpost.de,de,0.1,Nina Chuba in der Berliner Uber Arena: Das ist die Setlist,Die „Wildberry Lillet“-Sängerin tritt am Sonntag in der Uber Arena in Friedrichshain auf. Welche Songs wird sie spielen? Die Infos im Überblick.,https://www.morgenpost.de/kultur/article410389861/nina-chuba-in-der-berliner-uber-arena-das-ist-die-setlist.html,https://img.sparknews.funkemedien.de/410389847/410389847_1762413176_v16_9_1600.jpeg,,"Zwei Konzerte mussten Nina Chuba auf ihrer aktuellen Tour wegen Krankheit bereits absagen. Nun steht ihre Show in der Uber Arena in Friedrichshain bevor und viele Fans zeigen sich hoffnungsvoll, dass… [+2245 chars]",,Nina Chuba in der Berliner Uber Arena: Das ist die Setlist. Die „Wildberry Lillet“-Sängerin tritt am Sonntag in der Uber Arena in Friedrichshain auf. Welche Songs wird sie spielen? Die Infos im Überblick.,Nina Chuba in Berlin's Uber Arena: This is the setlist. The “Wildberry Lillet” singer will perform at the Uber Arena in Friedrichshain on Sunday. What songs will she play? The information at a glance.,"Nina Chuba in Berlin Uber Arena: Haec est copia. Cantor ""Wildberry Lillet"" apud Uber Arenam in Friedrichshain die Dominico faciet. Quae carmina ludet? Aspectu indicium est.",2025-10-21 13:07:08+00:00
1ef2d5c11209c1e05138420f142fd720,2025-11-06T08:27:23Z,'Glatteis',www.bild.de,de,0.1,Neue Berufung als Weihnachtsfee - Darum heißt Vanessa Mai jetzt Dezember,"Vanessa Mai erklärt bei BILD ihren brandneuen Weihnachtssong und verrät, warum sie ihn auf Englisch singen musste.",https://www.bild.de/unterhaltung/musik/aus-vanessa-mai-wird-dezember-das-steckt-hinter-ihrem-weihnachts-hit-mit-amazon-690b54131d404fd31fc8aaf8,"https://images.bild.de/690b54131d404fd31fc8aaf8/2517dac8dadd574ffa7781c0ebd58a33,3fb7a68e?w=1280",,"Berlin/Backnang 1,2 Millionen Fans müssen bei Instagram gerade zweimal hinhören: Schlagerstar Vanessa Mai gibt auf ihrem Account eine Kostprobe ihres neuen Songs und singt dabei auf Englisch! Eine Pr… [+2540 chars]",,"Neue Berufung als Weihnachtsfee - Darum heißt Vanessa Mai jetzt Dezember. Vanessa Mai erklärt bei BILD ihren brandneuen Weihnachtssong und verrät, warum sie ihn auf Englisch singen musste.",New calling as a Christmas fairy - that's why Vanessa Mai is now called December. Vanessa Mai explains her brand new Christmas song to BILD and reveals why she had to sing it in English.,Nova vocatio sicut mediocris Nativitatis Domini - ideo Vanessa Mai nunc December appellatur. Vanessa Mai suam notam novam canticum Nativitatis BILD exponit et ostendit cur Anglice cantare debeat.,2025-10-21 13:07:08+00:00
9bc70a585fff7714b48db213a3e71dc2,2025-11-06T18:27:19Z,'Kälteeinbruch',kaernten.orf.at,de,0.1,Neues Glashaus für Botanikzentrum,"Das Kärntner Botanikzentrum im Botanischen Garten in Klagenfurt hat ein neues Glashaus. Das alte wies bereits gravierende Mängel auf, was den wärmeliebenden Pflanzen bereits zugesetzt hatte. Das neue Glashaus um 530.000 Euro verfügt nun neben zwei Klimazonen …",https://kaernten.orf.at/stories/3328954/,https://ibs.orf.at/ktn?image=https%3A%2F%2Foekastatic.orf.at%2Fmims%2F2025%2F45%2F00%2Fcrops%2Fw%3D1200%2Ch%3D627%2Cq%3D75%2F2825362_master_1090600_kh_2typ_glashaus_botanikzentrum_insert_251106_00_00_00_00.jpg%3Fs%3D6f2bf5b6a37ba7395e8c5a04f53cf3f45fa9836b,,"Noch rechtzeitig vor dem Kälteeinbruch siedelten alle Pflanzen in das neue, 142 Quadratmeter große Gewächshaus im Kärntner Botanikzentrum. Wärme, Luft und Licht sind für lebendige wissenschaftliche E… [+2908 chars]",,"Neues Glashaus für Botanikzentrum. Das Kärntner Botanikzentrum im Botanischen Garten in Klagenfurt hat ein neues Glashaus. Das alte wies bereits gravierende Mängel auf, was den wärmeliebenden Pflanzen bereits zugesetzt hatte. Das neue Glashaus um 530.000 Euro verfügt nun neben zwei Klimazonen …","New glasshouse for botany center. The Carinthian Botany Center in the Botanical Garden in Klagenfurt has a new glass house. The old one already had serious defects, which had already taken a toll on the heat-loving plants. The new glass house for 530,000 euros now has two climate zones...","Novum vitreum botanicis centrum. Carinthianum Botany Centrum in horto botanico in Klagenfurt novam domum vitream habet. Senex iam gravia vitia habuit, quae iam portorium plantis amantibus caloris ceperat. Nova domus vitrea pro 530,000 nummis Europaeis nunc duas zonas climatis habet.",2025-10-21 13:07:08+00:00
12481e0098bb9c3adb12c6f6d0876c4a,2025-11-07T09:56:14Z,'Temperatursturz',www.bild.de,de,0.1,Regen und Kälte am Wochenende - Och Nööö-vember!,"Winterjacke statt Übergangsmantel, Schal statt Sonnenbrille – Deutschland droht der Kälteschock! Davor warnt ein Meteorologe.",https://www.bild.de/news/wetter/wetterexperte-temperaturen-fallen-am-wochenende-um-bis-zu-15-grad-6902163e8ef09a6aa251cc59,"https://images.bild.de/6902163e8ef09a6aa251cc59/f3bf0c09809b1f81951297f74d868e3c,6b0527fe?w=1280",http://web.archive.org/web/20251110160016/https://www.bild.de/news/wetter/wetterexperte-temperaturen-fallen-am-wochenende-um-bis-zu-15-grad-6902163e8ef09a6aa251cc59,Schal und Winterjacke rausholen Deutschland droht der Kälteschock! Die Temperaturen sollen am Wochenende um bis zu 15 Grad abrauschen. Ein abruptes Ende des herbstlichen Wohlfühlwetters der vergangen… [+2172 chars],,"Regen und Kälte am Wochenende - Och Nööö-vember!. Winterjacke statt Übergangsmantel, Schal statt Sonnenbrille – Deutschland droht der Kälteschock! Davor warnt ein Meteorologe.","Rain and cold at the weekend - Oh nope! Winter jacket instead of a transitional coat, scarf instead of sunglasses – Germany is threatened with cold shock! A meteorologist warns about this.","Pluvia et frigus volutpat - Oh nope! Hieme iaccam loco tunicae transeuntis, chlamydem loco ocularia - incursu frigoris Germania imminet! De hoc monet astrologus.",2025-10-21 13:07:08+00:00
5d3569b673f9a4b63af1127908d0c393,2025-11-07T10:28:28Z,'Temperatursturz',www.tagesspiegel.de,de,0.1,Gefangen im Schneesturm: Wie ein Tourengeher in den Alpen plötzlich um sein Leben kämpfte,"Tommaso Piccioli sagt, er habe die Hölle kennengelernt – im Schneesturm, als seine Gruppe sich verirrte. Sieben Menschen starben. Er überlebte. Was hat ihn gerettet?",https://www.tagesspiegel.de/wissen/wie-ein-tourengeher-in-den-alpen-um-sein-leben-kampfte-14757626.html,https://www.tagesspiegel.de/images/14780639/alternates/BASE_16_9_W1400/1762514225000/adobestock-242977356.jpeg,http://web.archive.org/web/20251108150741/https://www.tagesspiegel.de/wissen/wie-ein-tourengeher-in-den-alpen-um-sein-leben-kampfte-14757626.html,"Am Vorabend der Katastrophe isst Tommaso Piccioli, so wird er sich später erinnern, in der gut beheizten Berghütte noch drei Teller Suppe. Als einige Mitglieder der Skigruppe seinen Hunger bemerken, … [+13215 chars]",,"Gefangen im Schneesturm: Wie ein Tourengeher in den Alpen plötzlich um sein Leben kämpfte. Tommaso Piccioli sagt, er habe die Hölle kennengelernt – im Schneesturm, als seine Gruppe sich verirrte. Sieben Menschen starben. Er überlebte. Was hat ihn gerettet?",Caught in the snowstorm: How a ski tourer suddenly fought for his life in the Alps. Tommaso Piccioli says he experienced hell - in the snowstorm when his group got lost. Seven people died. He survived. What saved him?,Captus in nivis: Quam subito ski tourer pro vita sua in Alpibus pugnavit. Tommaso Piccioli dicit se infernum expertum esse - in nivis cum caterva sua amissa est. Septem homines mortui sunt. Vixit. Quid eum servavit?,2025-10-21 13:07:08+00:00
f4f6e6a614d7bdd25129b7178678402f,2025-11-10T09:27:34Z,'Glatteis',www.kino-zeit.de,de,0.1,Für immer hier (2024),"Viennale 2024

 

 
 




 
 DCM

 
 Für immer hier (2024) (2024) von Walter Salles

 
 

Die Leerstelle im Familienfoto
„I’m Still Here“&nbsp;wiegt sein Publikum lange in Sicherheit. Der Film zeigt einen Strandausflug, Alltägliches. Vater und Sohn spielen…",https://www.kino-zeit.de/film-kritiken-trailer/fuer-immer-hier-2024,https://www.kino-zeit.de/sites/default/files/styles/grosse_klickstrecke_940x530_/public/2024-07/im_still_here_2024_2.jpg?itok=NVyyk3bd,,"Es ist die Zeit der Militärdiktatur. Bewaffnete stehen plötzlich vor der Tür und wollen den Vater mitnehmen, um ihn einer Befragung zu unterziehen. Der frühere Kongressabgeordnete gilt als politische… [+4441 chars]",,"Für immer hier (2024). Viennale 2024

 

 
 




 
 DCM

 
 Für immer hier (2024) (2024) von Walter Salles

 
 

Die Leerstelle im Familienfoto
„I’m Still Here“&nbsp;wiegt sein Publikum lange in Sicherheit. Der Film zeigt einen Strandausflug, Alltägliches. Vater und Sohn spielen…","Here Forever (2024). Viennale 2024

 

 
 




 
 DCM

 
 Here Forever (2024) (2024) by Walter Salles

 
 

The blank space in the family photo
“I’m Still Here” lulls its audience into security for a long time. The film shows a trip to the beach, everyday life. Father and son play...","Ecce aeternus (2024). Viennale 2024

 

 
 




 
 DCM

 
 Hic Semper (2024) (2024) Walter Salles

 
 

Spatium blank in familia photo
""Adhuc sum"" auditores suos in securitate diu sedat. Velum ostendit iter ad litus, vitam cotidianam. Pater et filius ludunt...",2025-10-21 13:07:08+00:00
437a79c9e051826f99060d422683625b,2025-11-10T10:37:02Z,'Glatteis',www.zeit.de,de,0.1,Straßenverkehr: Hessen rüstet sich – 90.000 Tonnen Salz für den Winterdienst,Hier finden Sie Informationen zu dem Thema „Straßenverkehr“. Lesen Sie jetzt „Hessen rüstet sich – 90.000 Tonnen Salz für den Winterdienst“.,https://www.zeit.de/news/2025-11/10/hessen-ruestet-sich-90-000-tonnen-salz-fuer-den-winterdienst,https://img.zeit.de/news/2025-11/10/hessen-ruestet-sich-90-000-tonnen-salz-fuer-den-winterdienst-image-group/wide__1300x731,,"Wenn es nach den meisten Autofahrern geht, kann sich der Winter mit Schnee und Glatteis gerne noch ein wenig Zeit lassen. Auch die Straßenverkehrsbehörde Hessen Mobil verspürt keine Eile, die Streuwa… [+1388 chars]",,Straßenverkehr: Hessen rüstet sich – 90.000 Tonnen Salz für den Winterdienst. Hier finden Sie Informationen zu dem Thema „Straßenverkehr“. Lesen Sie jetzt „Hessen rüstet sich – 90.000 Tonnen Salz für den Winterdienst“.,"Road traffic: Hesse is preparing - 90,000 tons of salt for winter service. Here you will find information on the topic of “road traffic”. Read now “Hesse is preparing – 90,000 tons of salt for winter service”.","Via negotiationis: Hesse parat - 90,000 tons salis ad servitium hiemandum. Hic informationes invenies in argumento ""via negotiationis"". Lege nunc ""Hesse parat - 90,000 talenta salis ad servitium hiemandum"".",2025-10-21 13:07:08+00:00
af6ad7fbb6ec1b41b0a0b4ff42f00403,2025-11-12T02:00:00Z,'Glatteis',omr.podigee.io,de,0.1,Der Macher hinter Big Brother und DHDL: Endemolshine-Chef Fabian Tobias (#853),"Mit Formaten wie ""Wer wird Millionär"", ""Die Höhle der Löwen"" oder ""Big Brother"" hat Endemolshine etliche reichweitenstarke Evergreens im Portfolio. Doch was nützen solche Formate wirklich, wenn sich immer mehr Menschen vom linearen Fernsehen abwenden? Im OMR …",https://omr.podigee.io/901-fabian-tobias,"https://images.podigee-cdn.net/0x,sxLoU2r7XfK6XYBJRcuz7DUeXJgDLWAdvZsvsWj6lfZc=/https://main.podigee-cdn.net/uploads/u5851/c0794afd-a7c4-4305-8e35-33ac28509627.jpg",,"00:00:00: Wir haben in den letzten Jahren beobachtet, dass immer, wenn Protagonisten aus der Show die Höhe der Löwen hier zu Gast sind, sei es nun Carsten Maschmeyer oder Frank Thelen oder Ralph Dümm… [+86928 chars]",,"Der Macher hinter Big Brother und DHDL: Endemolshine-Chef Fabian Tobias (#853). Mit Formaten wie ""Wer wird Millionär"", ""Die Höhle der Löwen"" oder ""Big Brother"" hat Endemolshine etliche reichweitenstarke Evergreens im Portfolio. Doch was nützen solche Formate wirklich, wenn sich immer mehr Menschen vom linearen Fernsehen abwenden? Im OMR …","The man behind Big Brother and DHDL: Endemolshine boss Fabian Tobias (#853). With formats such as “Who Wants to Be a Millionaire”, “The Lion’s Den” and “Big Brother”, Endemolshine has a number of high-reach evergreens in its portfolio. But what use are such formats really if more and more people are turning away from linear television? In the OMR...","Vir post Magnus Frater et DHDL: Bulla Endemolshine Fabianus Tobias (#853). Cum formatis ut ""Qui vult esse Millionaire"", ""Dei Leonis"" et ""Big Frater"", Endemolshine plures virentias altas in eius portfolio habet. Sed quid prosunt tales formae revera, si magis magisque homines avertunt a televisifica linearibus? In OMR...",2025-10-21 13:07:08+00:00
97f676fa4ef8bec060f50ee5e55c3182,2025-11-05T10:41:00Z,'Wintereinbruch',www.brigitte.de,de,0.9,"So kommen deine Pflanzen durch die Kälte!: 5 Dinge, die du vor Wintereinbruch unbedingt noch im Garten machen solltest","Der anstehende Wintereinbruch macht so einige Gartenliebhaber nervös. Denn damit dein liebevoll gepflegter Garten gut durch die kalte Jahreszeit kommt, gibt es so einiges zu beachten. Wir verraten dir, auf welche fünf Dinge es ankommt.",https://www.brigitte.de/leben/5-dinge--die-du-vor-wintereinbruch-unbedingt-noch-im-garten-machen-solltest-14042468.html,https://image.brigitte.de/14042470/t/rs/v1/w1440/r1.7778/-/aufmacher-gartenarbeit.jpg,http://web.archive.org/web/20251112022809/https://www.brigitte.de/leben/5-dinge--die-du-vor-wintereinbruch-unbedingt-noch-im-garten-machen-solltest-14042468.html,"Der anstehende Wintereinbruch macht so einige Gartenliebhaber nervös. Denn damit dein liebevoll gepflegter Garten gut durch die kalte Jahreszeit kommt, gibt es so einiges zu beachten. Wir verraten di… [+644 chars]",,"So kommen deine Pflanzen durch die Kälte!: 5 Dinge, die du vor Wintereinbruch unbedingt noch im Garten machen solltest. Der anstehende Wintereinbruch macht so einige Gartenliebhaber nervös. Denn damit dein liebevoll gepflegter Garten gut durch die kalte Jahreszeit kommt, gibt es so einiges zu beachten. Wir verraten dir, auf welche fünf Dinge es ankommt.",This is how your plants get through the cold!: 5 things you should definitely do in the garden before the onset of winter. The upcoming onset of winter is making some garden lovers nervous. There are a lot of things to consider to ensure that your lovingly maintained garden gets through the cold season well. We'll tell you which five things are important.,Sic plantae tuae per frigus evadunt: 5 in horto ante initium hiemis res certe facere debes. Venturus hiemis impetum facit quidam hortus amantium timidus. Multum res est considerare curare ut hortus tuus amanter conservatus bene per frigora recipiat. Dicemus quae quinque res magnae sunt.,2025-10-21 13:07:08+00:00
9be06251e41d40aefe4468947da0a406,2025-11-06T05:22:21Z,'Frost',www.tagesspiegel.de,de,0.9,Wetter: Sonniges Wetter in Berlin und Brandenburg,In Berlin und Brandenburg zeigt sich der Herbst mit Sonne am Tag und Frost in der Nacht.,https://www.tagesspiegel.de/berlin/wetter-sonniges-wetter-in-berlin-und-brandenburg-14769485.html,https://www.tagesspiegel.de/images/14769482/alternates/BASE_16_9_W1400/1762406541000/herbst-im-naturpark-schlaubetal.jpeg,,In den kommenden Tagen bleibt es sonnig in Berlin und Brandenburg. Nach Angaben des Deutschen Wetterdienstes (DWD) gibt es heute wenig Wolken und viel Sonnenschein. Die Höchsttemperaturen liegen zwis… [+378 chars],,Wetter: Sonniges Wetter in Berlin und Brandenburg. In Berlin und Brandenburg zeigt sich der Herbst mit Sonne am Tag und Frost in der Nacht.,Weather: Sunny weather in Berlin and Brandenburg. In Berlin and Brandenburg autumn comes with sun during the day and frost at night.,"Tempestas: tempestas apricis in Berlin et Brandenburg. In Berlin et Brandenburg, autumnus cum sole interdiu et gelu noctu venit.",2025-10-21 13:07:08+00:00
522b07d6bf46f735c5a29e6bba1a3027,2025-11-06T11:08:48Z,'Wintereinbruch',www.n-tv.de,de,0.9,Danach folgt Wolken-Nebel-Mix: November verschafft uns Nachschlag mit sonnigem Herbstwetter,"Nach dem grauen Oktober geht es in weiten Teilen Deutschlands derzeit schön zu: Sonne und angenehme Temperaturen an vielen Orten. Doch in der Zukunft verdichten sich bereits die Anzeichen für einen Wintereinbruch, erklärt ntv-Meterologe Björn Alexander.",https://www.n-tv.de/panorama/November-verschafft-uns-Nachschlag-mit-sonnigem-Herbstwetter-article26144815.html,https://www.n-tv.de/img/incoming/crop26144827/4521323215-cImg_16_9-w1200/556850078.jpg,,Nach dem grauen Oktober geht es in weiten Teilen Deutschlands derzeit schön zu: Sonne und angenehme Temperaturen an vielen Orten. Doch in der Zukunft verdichten sich bereits die Anzeichen für einen W… [+4640 chars],,"Danach folgt Wolken-Nebel-Mix: November verschafft uns Nachschlag mit sonnigem Herbstwetter. Nach dem grauen Oktober geht es in weiten Teilen Deutschlands derzeit schön zu: Sonne und angenehme Temperaturen an vielen Orten. Doch in der Zukunft verdichten sich bereits die Anzeichen für einen Wintereinbruch, erklärt ntv-Meterologe Björn Alexander.","This is followed by a mix of clouds and fog: November gives us a helping hand with sunny autumn weather. After the gray October, things are currently looking good in many parts of Germany: sunshine and pleasant temperatures in many places. But in the future there are already increasing signs of an onset of winter, explains ntv meteorologist Björn Alexander.","Misce sequitur nebulas et nebulas: November nobis dat manum aprici autumni tempestatem. Post griseo Octobri, res in multis partibus Germaniae nunc bonae spectant: soles et temperaturas amoenas in multis locis. Sed in futurum iam aucta signa accessionis hiemis explicat ntv astrologus Björn Alexander.",2025-10-21 13:07:08+00:00
0e810230b34919ce5e7a3acb63170812,2025-11-07T05:23:32Z,'Frost',www.stern.de,de,0.9,Wetter: Nebel und Sonnenschein in Berlin und Brandenburg,"Berlin und Brandenburg erwarten zum Wochenende Nebel und Frost, aber auch Sonne. Am nebligen Samstag sind Sichtweiten unter 150 Metern möglich - so die Vorhersage des Deutschen Wetterdienstes.",https://www.stern.de/gesellschaft/regional/berlin-brandenburg/wetter--nebel-und-sonnenschein-in-berlin-und-brandenburg-36197912.html,https://image.stern.de/36197914/t/5y/v1/w1440/r1.7778/-/07--q57ufmu4niv29axs2048jpeg---a8a8c77d8b869a94.jpg,,"Kopiere den aktuellen Link
Zur Merkliste hinzufügen
Berlin und Brandenburg erwarten zum Wochenende Nebel und Frost, aber auch Sonne. Am nebligen Samstag sind Sichtweiten unter 150 Metern möglich - … [+993 chars]",,"Wetter: Nebel und Sonnenschein in Berlin und Brandenburg. Berlin und Brandenburg erwarten zum Wochenende Nebel und Frost, aber auch Sonne. Am nebligen Samstag sind Sichtweiten unter 150 Metern möglich - so die Vorhersage des Deutschen Wetterdienstes.","Weather: Fog and sunshine in Berlin and Brandenburg. Berlin and Brandenburg expect fog and frost, but also sun, at the weekend. On foggy Saturday, visibility of less than 150 meters is possible - according to the German Weather Service's forecast.","Tempestas: Nebula et sole in Berlin et Brandenburg. Berlin et Brandenburg exspectant nebulam et pruinam, sed etiam solem, in volutpat vestibulum. Sabbato caliginoso, visibilitas minus quam 150 metrorum possibilis est - secundum praenuntiationem servitii Tempestatis Germanicae.",2025-10-21 13:07:08+00:00
02c5f867d78dad999902405c998288f7,2025-11-07T05:24:44Z,'Frost',www.tagesspiegel.de,de,0.9,Wetter: Nebel und Sonnenschein in Berlin und Brandenburg,"Berlin und Brandenburg erwarten zum Wochenende Nebel und Frost, aber auch Sonne. Am nebligen Samstag sind Sichtweiten unter 150 Metern möglich - so die Vorhersage des Deutschen Wetterdienstes.",https://www.tagesspiegel.de/berlin/wetter-nebel-und-sonnenschein-in-berlin-und-brandenburg-14778203.html,https://www.tagesspiegel.de/images/14778200/alternates/BASE_16_9_W1400/1762493084000/auto-fahrt-bei-nebel-auf-einer-landstra-e.jpeg,,"Das Wochenende in Berlin und Brandenburg bringt Nebel und Sonnenschein. Wie der Deutsche Wetterdienst (DWD) mitteilte, ist es Freitagfrüh vereinzelt neblig und es kommt örtlich zu Frost. Die Vorhersa… [+839 chars]",,"Wetter: Nebel und Sonnenschein in Berlin und Brandenburg. Berlin und Brandenburg erwarten zum Wochenende Nebel und Frost, aber auch Sonne. Am nebligen Samstag sind Sichtweiten unter 150 Metern möglich - so die Vorhersage des Deutschen Wetterdienstes.","Weather: Fog and sunshine in Berlin and Brandenburg. Berlin and Brandenburg expect fog and frost, but also sun, at the weekend. On foggy Saturday, visibility of less than 150 meters is possible - according to the German Weather Service's forecast.","Tempestas: Nebula et sole in Berlin et Brandenburg. Berlin et Brandenburg exspectant nebulam et pruinam, sed etiam solem, in volutpat vestibulum. Sabbato caliginoso, visibilitas minus quam 150 metrorum possibilis est - secundum praenuntiationem servitii Tempestatis Germanicae.",2025-10-21 13:07:08+00:00
60c1af1e76f95bb473e2c8bcad5bf3fd,2025-11-07T06:47:58Z,'Frost',www.stern.de,de,0.9,Wetter: Trübes Herbstwochenende in Thüringen,Nach einem sonnigen Start wird das Wochenende in Thüringen zunehmend grau und neblig. Der Deutsche Wetterdienst rechnet in den Nächten auch mit leichtem Frost.,https://www.stern.de/gesellschaft/regional/thueringen/wetter--truebes-herbstwochenende-in-thueringen-36198066.html,https://image.stern.de/36198068/t/hG/v1/w1440/r1.7778/-/07--hqrdjj67jmv4axs2048jpeg---433371411ecef142.jpg,http://web.archive.org/web/20251109012110/https://www.stern.de/gesellschaft/regional/thueringen/wetter--truebes-herbstwochenende-in-thueringen-36198066.html,"Kopiere den aktuellen Link
Zur Merkliste hinzufügen
Nach einem sonnigen Start wird das Wochenende in Thüringen zunehmend grau und neblig. Der Deutsche Wetterdienst rechnet in den Nächten auch mit l… [+1177 chars]",,Wetter: Trübes Herbstwochenende in Thüringen. Nach einem sonnigen Start wird das Wochenende in Thüringen zunehmend grau und neblig. Der Deutsche Wetterdienst rechnet in den Nächten auch mit leichtem Frost.,"Weather: Cloudy autumn weekend in Thuringia. After a sunny start, the weekend in Thuringia is becoming increasingly gray and foggy. The German Weather Service also expects light frost at night.","Tempestas: Partialiter Nubila autumni volutpat in Thuringia. Post apricum initium, volutpat in Thuringia magis magisque cinerea et nebulosa est. Ministerium Tempestatis Germanorum etiam nocturnum pruinam lucem exspectat.",2025-10-21 13:07:08+00:00
64a213e74b2186473fca68c48214002a,2025-11-08T11:57:16Z,'Glatteis',www.zeit.de,de,0.9,Verkehr: Glatteisunfälle im Erzgebirge,Hier finden Sie Informationen zu dem Thema „Verkehr“. Lesen Sie jetzt „Glatteisunfälle im Erzgebirge“.,https://www.zeit.de/news/2025-11/08/glatteisunfaelle-im-erzgebirge,https://img.zeit.de/news/2025-11/08/glatteisunfaelle-im-erzgebirge-image-group/wide__1300x731,http://web.archive.org/web/20251114104822/https://www.zeit.de/news/2025-11/08/glatteisunfaelle-im-erzgebirge,"Glatteis hat im Erzgebirge zu mehreren Verkehrsunfällen geführt. Laut Polizei gerieten am Freitagnachmittag bei Schwarzenberg mehrere Autos ins Rutschen. Das Glatteis habe sich plötzlich gebildet.
Z… [+735 chars]",,Verkehr: Glatteisunfälle im Erzgebirge. Hier finden Sie Informationen zu dem Thema „Verkehr“. Lesen Sie jetzt „Glatteisunfälle im Erzgebirge“.,Traffic: Black ice accidents in the Erzgebirge. Here you will find information on the topic of “Traffic”. Read “Black ice accidents in the Erzgebirge” now.,"Negotiatio: Accidentia glaciei nigra in Erzgebirge. Hic informationes invenies in argumento ""Traffic"". Lege ""Nigrum glaciei accidentia in Erzgebirge"" nunc.",2025-10-21 13:07:08+00:00
f5ac7e7958d17227eca55836eb940e69,2025-11-08T11:57:16Z,'Glatteis',www.stern.de,de,0.9,Verkehr: Glatteisunfälle im Erzgebirge,Schwarzenberg (sn) - Glatteis hat im Erzgebirge zu mehreren Verkehrsunfällen geführt. Laut Polizei gerieten am Freitagnachmittag bei Schwarzenberg mehrere,https://www.stern.de/gesellschaft/regional/sachsen/verkehr--glatteisunfaelle-im-erzgebirge-36238950.html,https://image.stern.de/36238952/t/rr/v1/w1440/r1.7778/-/08--3mhoa7vuhov11axs2048jpeg---cd84ff7f3c637a82.jpg,,"Kopiere den aktuellen Link
Zur Merkliste hinzufügen
Plötzliches Glatteis führt im Erzgebirge zu mehreren Unfällen.
Glatteis hat im Erzgebirge zu mehreren Verkehrsunfällen geführt. Laut Polizei ger… [+813 chars]",,Verkehr: Glatteisunfälle im Erzgebirge. Schwarzenberg (sn) - Glatteis hat im Erzgebirge zu mehreren Verkehrsunfällen geführt. Laut Polizei gerieten am Freitagnachmittag bei Schwarzenberg mehrere,"Traffic: Black ice accidents in the Erzgebirge. Schwarzenberg (sn) - Black ice has led to several traffic accidents in the Erzgebirge. According to the police, several people got into trouble near Schwarzenberg on Friday afternoon","Negotiatio: Accidentia glaciei nigra in Erzgebirge. Schwarzenberg (Sn) - Glacies nigra compluribus negotiationis accidentibus in Erzgebirge adduxit. Secundum magistratus, complures homines in Schwarzenberg prope post meridiem die Veneris laboraverunt",2025-10-21 13:07:08+00:00
b2be6ec5e92b3b5e842a4787f00ab108,2025-11-10T10:37:02Z,'Glatteis',www.stern.de,de,0.9,Straßenverkehr: Hessen rüstet sich – 90.000 Tonnen Salz für den Winterdienst,"Lauterbach (lhe) - Wenn es nach den meisten Autofahrern geht, kann sich der Winter mit Schnee und Glatteis gerne noch ein wenig Zeit lassen. Auch die",https://www.stern.de/gesellschaft/regional/hessen/strassenverkehr--hessen-ruestet-sich---90-000-tonnen-salz-fuer-den-winterdienst-36302352.html,https://image.stern.de/36302354/t/Up/v1/w1440/r1.7778/-/10--uz23drav2ev6axs2048jpeg---8dbaa7358e2ea452.jpg,,"Kopiere den aktuellen Link
Zur Merkliste hinzufügen
Schnee und Eis können kommen: Warum der Winterdienst trotz moderner Technik eine Herausforderung bleibt und was der ""Salzticker"" verrät.
Wenn es… [+1540 chars]",,"Straßenverkehr: Hessen rüstet sich – 90.000 Tonnen Salz für den Winterdienst. Lauterbach (lhe) - Wenn es nach den meisten Autofahrern geht, kann sich der Winter mit Schnee und Glatteis gerne noch ein wenig Zeit lassen. Auch die","Road traffic: Hesse is preparing - 90,000 tons of salt for winter service. Lauterbach (lhe) - If most drivers have their way, the winter with snow and black ice can take a while. Those too","Via negotiationis: Hesse parat - 90,000 tons salis ad servitium hiemandum. Lauterbach (Lhe) - Si plerique rectores habent iter, hiemps cum nive et gelu nigra aliquandiu capere potest. Illae quoque",2025-10-21 13:07:08+00:00
43c65675dc3af02b4c9f672795053907,2025-11-11T08:45:26Z,'Wintereinbruch',www.bild.de,de,0.9,Wärmewelle vor Wintereinbruch - So warm wird der Start in den Karneval,Frühlingshafte Temperaturen im November: Am Donnerstag erreichen die milden Werte ihren Höhepunkt. Doch wie sind die Aussichten für den Karnevalsstart?,https://www.bild.de/news/wetter/bis-20-grad-am-donnerstag-so-warm-wird-der-start-in-den-karneval-6911cac30580923d0998cec2,"https://images.bild.de/6911cac30580923d0998cec2/6637c8a78edf5f87cb92cff7bb1595e3,215a1ba0?w=1280",,"Frühlingshafte Temperaturen im November: Am Donnerstag erreichen die milden Werte ihren Höhepunkt. Doch wie sind die Aussichten für den Karnevalsstart am Dienstag?
In den kommenden Tagen wird in Deu… [+3500 chars]",,Wärmewelle vor Wintereinbruch - So warm wird der Start in den Karneval. Frühlingshafte Temperaturen im November: Am Donnerstag erreichen die milden Werte ihren Höhepunkt. Doch wie sind die Aussichten für den Karnevalsstart?,Heat wave before the onset of winter - this is how warm the start of the carnival will be. Spring-like temperatures in November: The mild temperatures reach their peak on Thursday. But what are the prospects for the start of the carnival?,Cale fluctus ante hiemem incursus - hoc est quam calidum initium FESTUM erit. Ver-similis temperaturae mense Novembri: Lenes temperaturae apicem Iovis die attingunt. Sed quaenam sunt spes initium agunt?,2025-10-21 13:07:08+00:00
9e93c1365d0c0be35228819370d3ead2,2025-11-11T12:07:56Z,'Frost',www.n-tv.de,de,0.9,"Direkt danach droht Schnee: ""Odin"" und ""Pepe"" bringen Saharaluft und bis zu 20 Grad",Der November bringt den meisten Deutschen noch einmal ein kurzzeitiges Wärme-Intermezzo. Die Thermometer könnten mancherorts auf Rekordtemperaturen steigen. Doch im Anschluss droht der Frost-Einbruch.,https://www.n-tv.de/panorama/Odin-und-Pepe-bringen-Saharaluft-und-bis-zu-20-Grad-id30006949.html,https://www.n-tv.de/img/30006929/1762861923/Img_16_9/1200/In-Bayern-versprechen-die-Prognosen-viele-Sonnenstunden.jpg,,"In Bayern versprechen die Prognosen viele Sonnenstunden. (Foto: picture alliance / Fotostand)
Der November bringt den meisten Deutschen noch einmal ein kurzzeitiges Wärme-Intermezzo. Die Thermometer… [+4432 chars]",,"Direkt danach droht Schnee: ""Odin"" und ""Pepe"" bringen Saharaluft und bis zu 20 Grad. Der November bringt den meisten Deutschen noch einmal ein kurzzeitiges Wärme-Intermezzo. Die Thermometer könnten mancherorts auf Rekordtemperaturen steigen. Doch im Anschluss droht der Frost-Einbruch.",Immediately afterwards there is a threat of snow: “Odin” and “Pepe” bring Sahara air and up to 20 degrees. November brings another brief interlude of warmth for most Germans. The thermometers could rise to record temperatures in some places. But afterwards there is a threat of frost.,"Statim post comminatio nivis est: ""Odin"" et ""Pepe"" Sahara aerem portant et usque ad 20 gradus. Novembris aliam brevem interludium caloris plerisque Germanis affert. Thermometrae oriri potuerunt in aliquibus locis ad recordationem temperaturae. Postea vero frigoris comminatio est.",2025-10-21 13:07:08+00:00
61304958cb2e3ef13a8e803ecaddc047,2025-11-11T13:37:00Z,'Polarwirbel',www.brigitte.de,de,0.9,"Teenagerperlen: ""Polarwirbel bedeuten, dass wir offiziell in die Crop-Top-Saison eingetreten sind""","Teenager können unberechenbar sein – Stimmungsschwankungen, Türknallen und provokative Sprüche inklusive. So ziemlich alle Eltern mit pubertierenden Kindern können da mitreden. Diese Sprüche zeigen herrlich ehrlich die Wahrheit.",https://www.brigitte.de/leben/teenager-sprueche---polarwirbel-bedeuten--dass-wir-offiziell-in-die-crop-top-saison-eingetreten-sind--13757256.html,https://image.brigitte.de/13969422/t/EZ/v3/w1440/r1.7778/-/teenager-laptop-teaser.jpg,,"Ja, so ein Kind im Teenageralter hat einfach seinen eigenen Kopf und das ist auch gut so, schließlich wollen wir ja alle, dass unsere Kinder ihren eigenen Weg gehen. Manche Entscheidungen und Aktione… [+22413 chars]",,"Teenagerperlen: ""Polarwirbel bedeuten, dass wir offiziell in die Crop-Top-Saison eingetreten sind"". Teenager können unberechenbar sein – Stimmungsschwankungen, Türknallen und provokative Sprüche inklusive. So ziemlich alle Eltern mit pubertierenden Kindern können da mitreden. Diese Sprüche zeigen herrlich ehrlich die Wahrheit.","Teen Pearls: ""Polar vortexes mean we've officially entered crop top season"". Teenagers can be unpredictable - mood swings, door slamming and provocative comments included. Pretty much all parents with pubescent children can have a say. These sayings show the truth in a wonderfully honest way.","Teen Margaritae: ""Vortices polaris intelliguntur nos publice intravimus seges summo tempore"". Eleifend vagus esse potest - recursus modus, ianua impulsio et procaci commenta inclusa. Pulchre omnes parentes cum liberis pubescentibus sermonem habere possunt. Haec verba miro modo honeste veritatem demonstrant.",2025-10-21 13:07:08+00:00
98feafac39216851a5427334e21d5593,2025-11-12T05:37:37Z,'Frost',www.welt.de,de,0.9,Ungewohnte Kälte in Florida – Leguane fallen tot von den Bäumen,Rekordkälte an der Ostküste der USA. Der Wintereinbruch mit Frost und Schnee erwischte sogar Florida. Leguane geraten in Schockstarre und fallen von den Bäumen.,https://www.welt.de/vermischtes/article691416ed71dafa6e0afd0eea/wintereinbruch-ungewohnte-kaelte-in-florida-leguane-fallen-tot-von-den-baeumen.html,https://images.welt.de/691416ed71dafa6e0afd0eea/733f8f2ae4f51997e23109256b3d1d48-master/ci16x9-w1200/558027584-jpg,,Rekordkälte an der Ostküste der USA. Der Wintereinbruch mit Frost und Schnee erwischte sogar Florida. Leguane geraten in Schockstarre und fallen von den Bäumen.Die erste große Kältewelle der Saison s… [+2240 chars],,Ungewohnte Kälte in Florida – Leguane fallen tot von den Bäumen. Rekordkälte an der Ostküste der USA. Der Wintereinbruch mit Frost und Schnee erwischte sogar Florida. Leguane geraten in Schockstarre und fallen von den Bäumen.,Unusual cold in Florida – iguanas fall dead from the trees. Record cold on the East Coast of the USA. The onset of winter with frost and snow even hit Florida. Iguanas go into shock and fall out of the trees.,Insolitum frigus in Florida - iguanas mortuas ab arboribus cadunt. Recordare frigus in oriente Coast in USA. Impetus hiemis cum pruina et nive etiam Floridam feriunt. Iguanas offensus de arboribus cadunt.,2025-10-21 13:07:08+00:00
37384ad82744a4fc4c204431b85243bb,2025-11-12T15:21:49Z,'Wintereinbruch',www.bild.de,de,0.9,Wintereinbruch! - Polar-Express bringt bis zu 20 Zentimeter Schnee,"Das Wetter bringt Schnee. Wann er wo fällt, wie hoch er wird und wo er liegen bleibt.",https://www.bild.de/news/wetter/wintereinbruch-polar-express-bringt-bis-zu-20-zentimeter-schnee-69144fac85499be17f55f857,"https://images.bild.de/69144fac85499be17f55f857/73619760fde0ab66d6bd781c354276db,6c8317d3?w=1280",,"Alle wollen Schnee. Wann ist es endlich soweit? So langsam kühlt sich Deutschland ein. Das Wetter wird frostig. Zum Wochenende fallen die Temperaturen mit Karacho.
Doch der bereits prognostizierte f… [+2912 chars]",,"Wintereinbruch! - Polar-Express bringt bis zu 20 Zentimeter Schnee. Das Wetter bringt Schnee. Wann er wo fällt, wie hoch er wird und wo er liegen bleibt.","Onset of winter! - Polar Express brings up to 20 centimeters of snow. The weather brings snow. When it falls where, how high it gets and where it stays.","Hiemis concursus! - Express Polar ad 20 centimetra nivis reducit. Tempestas nives facit. Cum ubi cadit, quantus accipit, et ubi stat.",2025-10-21 13:07:08+00:00
27f767fec70c47f9e723eeef0c2c70f6,2025-11-17T14:14:16Z,'Frost',hallespektrum.de,de,0.9,Amtliche Frostwarnung für Halle,"Gültigkeit: Dienstag, 18.11.2025, 00:00 Uhr bis voraussichtlich 09:00 Uhr Der Deutsche Wetterdienst hat für die Stadt Halle (Saale) eine amtliche Frostwarnung herausgegeben. In der Nacht und am frühen Morgen besteht die Gefahr von Frost, was zu möglichen Fros…",https://hallespektrum.de/aktuelles/amtliche-frostwarnung-fuer-halle/473965/,https://hallespektrum.de/wp-content/uploads/2025/01/vorsicht-Frost.png,,"Gültigkeit: Dienstag, 18.11.2025, 00:00 Uhr bis voraussichtlich 09:00 Uhr
Der Deutsche Wetterdienst hat für die Stadt Halle (Saale) eine amtliche Frostwarnung herausgegeben. In der Nacht und am früh… [+354 chars]",,"Amtliche Frostwarnung für Halle. Gültigkeit: Dienstag, 18.11.2025, 00:00 Uhr bis voraussichtlich 09:00 Uhr Der Deutsche Wetterdienst hat für die Stadt Halle (Saale) eine amtliche Frostwarnung herausgegeben. In der Nacht und am frühen Morgen besteht die Gefahr von Frost, was zu möglichen Fros…","Official frost warning for Halle. Validity: Tuesday, November 18th, 2025, 00:00 a.m. to probably 09:00 a.m. The German Weather Service has issued an official frost warning for the city of Halle (Saale). There is a risk of frost at night and early morning, resulting in possible frost…","Officialis frigoris monitus pro Halle. Validitas: Die Martis, die 18 mensis Novembris anno 2025, 00:00 a.m., ut probabiliter 09:00 a.m. Germanica Tempestas Servitium officiale gelu monitum urbis Hallae (Saale). Periculum est frigoris nocturno et primo mane, ex quo fieri potest gelu…",2025-10-21 13:07:08+00:00
a33f137575967adcbc701e3041e57d0b,2025-11-17T16:26:46Z,'Kältewelle',www.faz.net,de,0.9,Wellenreiten in Holland: Die nächste Kältewelle,"Wind und Regen: Wer im Herbst im niederländischen Nordwijk surfen will, muss sich warm anziehen. Dafür hat man die Wellen für sich.",https://www.faz.net/aktuell/reise/wellenreiten-in-holland-nichts-fuer-warmduscher-110779873.html,https://media0.faz.net/image/w1200h627/b20c450dbba6/w2936h1534x36y81o/112025/1.10779870/nichts-fuer-warmduscher-surfer.webp,,"Insgesamt hatte ich es für eine großartige Idee gehalten: Surfen in den Niederlanden, nur zwei Stunden von meiner Heimat entfernt. Auf der Website der niederländischen Surfing Association und auf You… [+372 chars]",,"Wellenreiten in Holland: Die nächste Kältewelle. Wind und Regen: Wer im Herbst im niederländischen Nordwijk surfen will, muss sich warm anziehen. Dafür hat man die Wellen für sich.","Surfing in Holland: The next cold wave. Wind and rain: If you want to surf in Nordwijk in the Netherlands in autumn, you have to dress warmly. But you have the waves to yourself.","Surfing in Holland: Frigidus proximus. Ventus et pluvia: Si autumno in Nordwijk in Belgio salo vis, te vehementer vestire debes. Sed habes fluctus ad te.",2025-10-21 13:07:08+00:00
8965fb5d4aa5314c0aab0e75920e4f18,2025-11-17T20:20:05Z,'Frost',orf.at,de,0.9,Kälteeinbruch mit etwas Schnee und Frost,"Nass, kalt, unbeständig: Durchaus passend zur Jahreszeit kehren winterliche Bedingungen in Österreich ein. Während es am Montag vielerorts stark geregnet hat, sinkt die Schneefallgrenze in der Nacht auf Dienstag nördlich der Alpen bis in tiefe Lagen. Nennensw…",https://orf.at/stories/3411746/,https://ibs.orf.at/news?image=https%3A%2F%2Fassets.orf.at%2Fmims%2F2025%2F47%2F30%2Fcrops%2Fw%3D1200%2Ch%3D630%2Cq%3D75%2F2836092_master_1094930_wetter_november_kaelte_hum.jpg%3Fs%3D584011eff67b54b398c87dda36d0cd0cef1862a1,http://web.archive.org/web/20251117220649/https://orf.at/stories/3411746/,Die vergangene Woche stand noch ganz im Zeichen von typischem Herbstwetter. Eine Inversionswetterlage mit kalter Nebelluft im Flachland sowie warmer und trockener Luft darüber sorgte an einigen Messs… [+2866 chars],,"Kälteeinbruch mit etwas Schnee und Frost. Nass, kalt, unbeständig: Durchaus passend zur Jahreszeit kehren winterliche Bedingungen in Österreich ein. Während es am Montag vielerorts stark geregnet hat, sinkt die Schneefallgrenze in der Nacht auf Dienstag nördlich der Alpen bis in tiefe Lagen. Nennensw…","Cold snap with some snow and frost. Wet, cold, unstable: winter conditions are arriving in Austria, quite in keeping with the season. While it rained heavily in many places on Monday, the snowfall line will drop to low altitudes north of the Alps on Tuesday night. Notable…","Frigora franguntur aliqua nivis et pruina. Infectum, frigus, instabile: conditiones hiemales in Austriam perveniunt, satis congruo tempore. Dum graviter in multis locis Lunae die pluit, nix linea ad septentrionem Alpium die Martis noctis in altitudinem altitudinum cadent. Notabile…",2025-10-21 13:07:08+00:00
cee094e70239a3541113e57c078e113e,2025-11-18T05:14:26Z,'Frost',www.zeit.de,de,0.9,Wetter: Frost und Schneeregen in Berlin und Brandenburg,Hier finden Sie Informationen zu dem Thema „Wetter“. Lesen Sie jetzt „Frost und Schneeregen in Berlin und Brandenburg“.,https://www.zeit.de/news/2025-11/18/frost-und-schneeregen-in-berlin-und-brandenburg,https://img.zeit.de/news/2025-11/18/frost-und-schneeregen-in-berlin-und-brandenburg-image-group/wide__1300x731,,"In den kommenden Tagen wird es zunehmend winterlich in Berlin und Brandenburg. Der Morgen startet mit leichtem Frost und vereinzelter Glätte, wie der Deutsche Wetterdienst mitteilte. Danach folgt ein… [+811 chars]",,Wetter: Frost und Schneeregen in Berlin und Brandenburg. Hier finden Sie Informationen zu dem Thema „Wetter“. Lesen Sie jetzt „Frost und Schneeregen in Berlin und Brandenburg“.,Weather: Frost and sleet in Berlin and Brandenburg. Here you will find information on the topic of “weather”. Read “Frost and sleet in Berlin and Brandenburg” now.,"Weather: Frons et pruina in Berlin et Brandenburg. Hic informationes invenies in argumento ""tempestatis"". Read ""Frost et pruina in Berlin et Brandenburg"" nunc.",2025-10-21 13:07:08+00:00
60326b471e5410e6db8ea90626d40951,2025-11-18T05:14:26Z,'Frost',www.stern.de,de,0.9,Wetter: Frost und Schneeregen in Berlin und Brandenburg,Potsdam/Berlin (bb) - In den kommenden Tagen wird es zunehmend winterlich in Berlin und Brandenburg. Der Morgen startet mit leichtem Frost und,https://www.stern.de/gesellschaft/regional/berlin-brandenburg/wetter--frost-und-schneeregen-in-berlin-und-brandenburg-36557424.html,https://image.stern.de/36557426/t/wp/v1/w1440/r1.7778/-/18--5gimoid6yov4axs2048jpeg---b4ad499941f4c284.jpg,,"Kopiere den aktuellen Link
Zur Merkliste hinzufügen
Noch fällt eine Regen-Schnee-Mischung in Berlin und Brandenburg vom Himmel. Aber ein richtiger Schneeschauer könnte schon bald kommen.
In den ko… [+961 chars]",,Wetter: Frost und Schneeregen in Berlin und Brandenburg. Potsdam/Berlin (bb) - In den kommenden Tagen wird es zunehmend winterlich in Berlin und Brandenburg. Der Morgen startet mit leichtem Frost und,Weather: Frost and sleet in Berlin and Brandenburg. Potsdam/Berlin (bb) - In the coming days it will be increasingly wintry in Berlin and Brandenburg. The morning starts with light frost and,Weather: Frons et pruina in Berlin et Brandenburg. Potsdam/Berlin (bb) - In diebus adventus magis magisque hiemalis erit Berolini et Brandenburgici. Mane incipit levi gelu et,2025-10-21 13:07:08+00:00
4e6607c46f7fda4320e4f9c38b5d9c31,2025-11-18T05:15:34Z,'Frost',www.tagesspiegel.de,de,0.9,Wetter: Frost und Schneeregen in Berlin und Brandenburg,Noch fällt eine Regen-Schnee-Mischung in Berlin und Brandenburg vom Himmel. Aber ein richtiger Schneeschauer könnte schon bald kommen.,https://www.tagesspiegel.de/berlin/wetter-frost-und-schneeregen-in-berlin-und-brandenburg-14869880.html,https://www.tagesspiegel.de/images/14869877/alternates/BASE_16_9_W1400/1763442934000/herbstwetter-in-brandenburg.jpeg,,"In den kommenden Tagen wird es zunehmend winterlich in Berlin und Brandenburg. Der Morgen startet mit leichtem Frost und vereinzelter Glätte, wie der Deutsche Wetterdienst mitteilte. Danach folgt ein… [+865 chars]",,Wetter: Frost und Schneeregen in Berlin und Brandenburg. Noch fällt eine Regen-Schnee-Mischung in Berlin und Brandenburg vom Himmel. Aber ein richtiger Schneeschauer könnte schon bald kommen.,Weather: Frost and sleet in Berlin and Brandenburg. A mix of rain and snow is still falling from the sky in Berlin and Brandenburg. But a real snow shower could be coming soon.,Weather: Frons et pruina in Berlin et Brandenburg. Commista pluviae et nivis in Berlin et Brandenburg adhuc e caelo cadit. Sed imber nivis verus cito venire potuit.,2025-10-21 13:07:08+00:00
3ce1cf51b084a9a8e8a05ea5ac543b48,2025-11-18T05:19:27Z,'Frost',www.zeit.de,de,0.9,Wettervorhersage: Frost und Glätte am Morgen im Südwesten,Hier finden Sie Informationen zu dem Thema „Wettervorhersage“. Lesen Sie jetzt „Frost und Glätte am Morgen im Südwesten“.,https://www.zeit.de/news/2025-11/18/frost-und-glaette-am-morgen-im-suedwesten,https://img.zeit.de/news/2025-11/18/frost-und-glaette-am-morgen-im-suedwesten-image-group/wide__1300x731,,"Wer in Baden-Württemberg heute früh unterwegs ist, kann sich auf glatte Straßen einstellen. Viele Autofahrer dürften auch den Eiskratzer brauchen. Der Deutsche Wetterdienst (DWD) rechnet am Morgen ve… [+1694 chars]",,Wettervorhersage: Frost und Glätte am Morgen im Südwesten. Hier finden Sie Informationen zu dem Thema „Wettervorhersage“. Lesen Sie jetzt „Frost und Glätte am Morgen im Südwesten“.,Weather forecast: Frost and slippery conditions in the southwest in the morning. Here you will find information on the subject of “weather forecast”. Now read “Frost and slippery morning in the southwest”.,"Tempestas praenuntiet: Pruina et lubrica condiciones in Africo mane sunt. Hic invenies informationes de re ""tempestatis praenuntientur"". Nunc legitur ""Flora et lubrica mane in Africo"".",2025-10-21 13:07:08+00:00
f2e444bf0044e3222f5db1386cde9925,2025-11-18T05:19:27Z,'Frost',www.stern.de,de,0.9,Wettervorhersage: Frost und Glätte am Morgen im Südwesten,"Stuttgart (lsw) - Wer in Baden-Württemberg heute früh unterwegs ist, kann sich auf glatte Straßen einstellen. Viele Autofahrer dürften auch den Eiskratzer",https://www.stern.de/gesellschaft/regional/baden-wuerttemberg/wettervorhersage--frost-und-glaette-am-morgen-im-suedwesten-36557428.html,https://image.stern.de/36557430/t/ah/v1/w1440/r1.7778/-/18--2b2du6wbi6v5axs2048jpeg---fa67ee4669945f44.jpg,,"Kopiere den aktuellen Link
Zur Merkliste hinzufügen
Glatte Straßen und Frost: Im Südwesten startet der Tag teilweise mit Minusgraden und Nebel. Wie das Wetter zur Wochenmitte in Baden-Württemberg w… [+1859 chars]",,"Wettervorhersage: Frost und Glätte am Morgen im Südwesten. Stuttgart (lsw) - Wer in Baden-Württemberg heute früh unterwegs ist, kann sich auf glatte Straßen einstellen. Viele Autofahrer dürften auch den Eiskratzer",Weather forecast: Frost and slippery conditions in the southwest in the morning. Stuttgart (lsw) - Anyone driving in Baden-Württemberg this morning can be prepared for slippery roads. Many drivers are also likely to use the ice scraper,Tempestas praenuntiet: Pruina et lubrica condiciones in Africo mane sunt. Stuttgart (lsw) - Quisquis in Baden-Württemberg agitans hoc mane ad vias lubricas praeparari potest. Multi rectores etiam verisimile sunt uti glacies strigili,2025-10-21 13:07:08+00:00
affc8a13d421f9caa74aa8508df680b4,2025-11-18T05:26:34Z,'Frost',www.zeit.de,de,0.9,Wetter: Frost und Schnee sorgen für glatte Straßen in Bayern,Hier finden Sie Informationen zu dem Thema „Wetter“. Lesen Sie jetzt „Frost und Schnee sorgen für glatte Straßen in Bayern“.,https://www.zeit.de/news/2025-11/18/frost-und-schnee-sorgen-fuer-glatte-strassen-in-bayern,https://img.zeit.de/news/2025-11/18/frost-und-schnee-sorgen-fuer-glatte-strassen-in-bayern-image-group/wide__1300x731,,"Frost und mancherorts Schneefall haben am Morgen in weiten Teilen Bayerns für glatte Straßen gesorgt. Weiße Flocken kamen vor allem in Mittelgebirgsraum und in den Alpen herunter, wie es vom Deutsche… [+700 chars]",,Wetter: Frost und Schnee sorgen für glatte Straßen in Bayern. Hier finden Sie Informationen zu dem Thema „Wetter“. Lesen Sie jetzt „Frost und Schnee sorgen für glatte Straßen in Bayern“.,Weather: Frost and snow make for slippery roads in Bavaria. Here you will find information on the topic of “weather”. Now read “Frost and snow make for slippery roads in Bavaria”.,"Weather: Frons et nix faciunt vias lubricas in Bavaria. Hic informationes invenies in argumento ""tempestatis"". Nunc legitur ""Flora et nives lubricas viae faciunt in Bavaria"".",2025-10-21 13:07:08+00:00
4ab38890a358f54e5ac733a29d89a5b0,2025-11-18T05:26:34Z,'Frost',www.stern.de,de,0.9,Wetter: Frost und Schnee sorgen für glatte Straßen in Bayern,"Glatte Straßen und frischer Schnee prägen den Morgen in Bayern. Wo Sonne erwartet wird und wo Frost und Wolken dominieren, zeigt der aktuelle Wetterbericht.",https://www.stern.de/gesellschaft/regional/bayern/wetter--frost-und-schnee-sorgen-fuer-glatte-strassen-in-bayern-36557442.html,https://image.stern.de/36557444/t/2s/v1/w1440/r1.7778/-/18--4e2wkaplswv8axs2048jpeg---4322cf6b8ae68587.jpg,http://web.archive.org/web/20251120012749/https://www.stern.de/gesellschaft/regional/bayern/wetter--frost-und-schnee-sorgen-fuer-glatte-strassen-in-bayern-36557442.html,"Kopiere den aktuellen Link
Zur Merkliste hinzufügen
Glatte Straßen und frischer Schnee prägen den Morgen in Bayern. Wo Sonne erwartet wird und wo Frost und Wolken dominieren, zeigt der aktuelle Wet… [+872 chars]",,"Wetter: Frost und Schnee sorgen für glatte Straßen in Bayern. Glatte Straßen und frischer Schnee prägen den Morgen in Bayern. Wo Sonne erwartet wird und wo Frost und Wolken dominieren, zeigt der aktuelle Wetterbericht.",Weather: Frost and snow make for slippery roads in Bavaria. Slippery roads and fresh snow characterize the morning in Bavaria. The current weather report shows where sun is expected and where frost and clouds dominate.,Weather: Frons et nix faciunt vias lubricas in Bavaria. Viae lubricae et recentes nives mane in Bavaria designant. Renuntiatio tempestatis currentis ostendit ubi sol expectatur et ubi gelu et nubes dominantur.,2025-10-21 13:07:08+00:00
2e503ed04de2cdf96bbf2249d7df88a5,2025-11-18T06:51:14Z,'Frost',www.morgenpost.de,de,0.9,Es wird winterlich: Frost und Glätte kommen nach Berlin,In den kommenden Tagen hält der Winter Einzug in der Region. Der Deutsche Wetterdienst warnt vor Glätte und Schneeregen. Die Prognose.,https://www.morgenpost.de/berlin/article410485159/es-wird-winterlich-frost-und-glaette-kommen-nach-berlin.html,https://img.sparknews.funkemedien.de/408375173/408375173_1763448272_v16_9_1600.jpeg,,"In den kommenden Tagen wird es zunehmend winterlich in Berlin und Brandenburg. Der Dienstag startet mit leichtem Frost und vereinzelter Glätte, wie der Deutsche Wetterdienst mitteilte. Danach folgt e… [+1482 chars]",,Es wird winterlich: Frost und Glätte kommen nach Berlin. In den kommenden Tagen hält der Winter Einzug in der Region. Der Deutsche Wetterdienst warnt vor Glätte und Schneeregen. Die Prognose.,It's getting wintry: frost and slippery weather are coming to Berlin. Winter will arrive in the region in the coming days. The German Weather Service warns of slippery conditions and sleet. The forecast.,Hiemalem accipit: gelu et tempestas lubrica Berolinum veniunt. Hiems in regione adveniet diebus venturis. Ministerium Tempestatis Germanorum monet lubricas condiciones et pruinas. Praesagire.,2025-10-21 13:07:08+00:00
064c08ad7a054f048510341ca79bf4ae,2025-11-18T07:41:08Z,'Frost',www.sueddeutsche.de,de,0.9,Wetter in Bayern: Frost und Schnee sorgen für glatte Straßen,"In den Hochalpen sind schon zu Wochenbeginn 20 Zentimeter Neuschnee gefallen, auch im Allgäu blieb der Schnee liegen. Große Teile Bayerns bleiben am Dienstag unter einer dichten Wolkendecke.",https://www.sueddeutsche.de/bayern/bayern-wetter-schnee-frost-glaette-strassen-li.3340260,https://www.sueddeutsche.de/2025/11/18/827a3f13-74b6-41df-b5f6-78ef8f391f98.jpg?q=60&fm=webp&width=1200&rect=0%2C228%2C4000%2C2250,http://web.archive.org/web/20251118102700/https://www.sueddeutsche.de/bayern/bayern-wetter-schnee-frost-glaette-strassen-li.3340260,Für heute erwartet der DWD von Franken bis in den Bayerischen Wald eine dichte Wolkendecke. Über Sonne können sich dagegen die Menschen in den Landkreisen vom Bodensee bis in die niederbayerische Don… [+432 chars],,"Wetter in Bayern: Frost und Schnee sorgen für glatte Straßen. In den Hochalpen sind schon zu Wochenbeginn 20 Zentimeter Neuschnee gefallen, auch im Allgäu blieb der Schnee liegen. Große Teile Bayerns bleiben am Dienstag unter einer dichten Wolkendecke.","Weather in Bavaria: Frost and snow make for slippery roads. 20 centimeters of new snow fell in the high Alps at the beginning of the week, and the snow also remained in the Allgäu. Large parts of Bavaria will remain under dense cloud cover on Tuesday.","Tempestas in Bavaria: Pruina et nix lubricas viae faciunt. 20 centimetra novarum nix in Alpibus altis ineunte hebdomadae ceciderunt, et nix etiam in Allgäu mansit. Magnae Bavariae partes die Martis sub nube densa manebunt.",2025-10-21 13:07:08+00:00
cee01b2afc4603cd2bced1c72c104f1c,2025-11-18T10:13:12Z,'Frost',www.bild.de,de,0.9,"So machen Sie Ihr Auto blitzschnell eisfrei - Frost! Jetzt heißt es wieder kratzen, frieren, fluchen","Vereiste Autoscheiben nerven alle Bordsteinparker, aber dient der Sicherheit und schützt vor Strafen. BILD gibt Tipps und nennt die größten Fehler",https://www.bild.de/leben-wissen/auto/vereiste-autoscheiben-was-hilft-welche-fehler-sie-vermeiden-sollten-6756a8eb127cdf4f3830ab61,"https://images.bild.de/6756a8eb127cdf4f3830ab61/127377530ff246185385b2df6f6142a1,e2c96e6d?w=1280",http://web.archive.org/web/20251119104519/https://www.bild.de/leben-wissen/auto/vereiste-autoscheiben-was-hilft-welche-fehler-sie-vermeiden-sollten-6756a8eb127cdf4f3830ab61,"TTS-Player überspringenArtikel weiterlesenBibbern, kratzen, fluchen der Winter ist da! Über Nacht hat ein eisiges Tief Polarluft ins Land gedrückt. In vielen Regionen fällt das Thermometer unter null… [+2660 chars]",,"So machen Sie Ihr Auto blitzschnell eisfrei - Frost! Jetzt heißt es wieder kratzen, frieren, fluchen. Vereiste Autoscheiben nerven alle Bordsteinparker, aber dient der Sicherheit und schützt vor Strafen. BILD gibt Tipps und nennt die größten Fehler","This is how you can clear your car of ice in a flash - frost! Now it's time to scratch, freeze and curse again. Icy car windows annoy all curbside parkers, but they are a safety precaution and protect you from fines. BILD gives tips and names the biggest mistakes","Ita est ut currus glaciei in mico - pruina purgare potes! Tempus est nunc scalpere, durare, maledicere. Currus glacialis fenestrae omnes parcis curbsides vexant, sed tutae sunt cautiones et te a multaticia defendunt. BID dat tips ac nomina maximus errata",2025-10-21 13:07:08+00:00
9b0bb50020848988ce6b7dd0548c7c1a,2025-11-18T13:01:00Z,'Wintereinbruch',www.stern.de,de,0.9,"Polarluft aus Nordwest: Wintereinbruch in Sicht – Live-Karten zeigen, wo es rutschig wird","Das Wetter wird winterlicher. Ab Mitte dieser Woche soll es mehr schneien, und es kann auf den Straßen glatt werden. Unsere Live-Karten zeigen die Lage in Ihrer Region.",https://www.stern.de/panorama/wetter/wintereinbruch-in-sicht---live-karten-zeigen--wo-es-rutschig-wird-36558574.html,https://image.stern.de/36558628/t/Cg/v1/w1440/r1.7778/-/wetter-deutschland-live-karte.jpg,,"Kopiere den aktuellen Link
Zur Merkliste hinzufügen
Das Wetter wird winterlicher. Ab Mitte dieser Woche soll es mehr schneien, und es kann auf den Straßen glatt werden. Unsere Live-Karten zeigen di… [+2021 chars]",,"Polarluft aus Nordwest: Wintereinbruch in Sicht – Live-Karten zeigen, wo es rutschig wird. Das Wetter wird winterlicher. Ab Mitte dieser Woche soll es mehr schneien, und es kann auf den Straßen glatt werden. Unsere Live-Karten zeigen die Lage in Ihrer Region.",Polar air from the northwest: onset of winter in sight – live maps show where it will be slippery. The weather is becoming more wintry. There will be more snow from the middle of this week and the roads may become slippery. Our live maps show the situation in your region.,Aer polaris ab occidente septentrione: impetus hiemis in aspectu – tabulae vivae ostendunt ubi lubricum erit. Tempestas magis hiemalis fit. Plures nives ex media hac septimana erunt et viae lubricae fiant. Nostrae vivae tabulae situm in regione tua monstrant.,2025-10-21 13:07:08+00:00
95bfe03396e3bfece4375bfe1622725f,2025-11-18T14:33:26Z,'Frost',hallespektrum.de,de,0.9,Amtliche Frostwarnung für Halle,"Gültigkeit: Mittwoch, 19.11.2025, 03:00 Uhr bis voraussichtlich 09:00 Uhr Der Deutsche Wetterdienst hat für die Stadt Halle (Saale) eine amtliche Frostwarnung herausgegeben. In der Nacht und am frühen Morgen besteht die Gefahr von Frost, was zu möglichen Fros…",https://hallespektrum.de/aktuelles/amtliche-frostwarnung-fuer-halle-2/473981/,https://hallespektrum.de/wp-content/uploads/2025/01/vorsicht-Frost-grafik.png,,"Gültigkeit: Mittwoch, 19.11.2025, 03:00 Uhr bis voraussichtlich 09:00 Uhr
Der Deutsche Wetterdienst hat für die Stadt Halle (Saale) eine amtliche Frostwarnung herausgegeben. In der Nacht und am früh… [+354 chars]",,"Amtliche Frostwarnung für Halle. Gültigkeit: Mittwoch, 19.11.2025, 03:00 Uhr bis voraussichtlich 09:00 Uhr Der Deutsche Wetterdienst hat für die Stadt Halle (Saale) eine amtliche Frostwarnung herausgegeben. In der Nacht und am frühen Morgen besteht die Gefahr von Frost, was zu möglichen Fros…","Official frost warning for Halle. Valid: Wednesday, November 19th, 2025, 3:00 a.m. to 9:00 a.m. The German Weather Service has issued an official frost warning for the city of Halle (Saale). There is a risk of frost at night and early morning, resulting in possible frost…","Officialis frigoris monitus pro Halle. Valida: Mercurii die 19 mensis Novembris anno 2025, 3:00 a.m. ad 9:00 a.m. Servitium Tempestatis Germanicae officialem frigoris monitum pro urbe Halle (Saale). Periculum est frigoris nocturno et primo mane, ex quo fieri potest gelu…",2025-10-21 13:07:08+00:00
f4e9d4ac835a9cd0e029fca01dbbe2aa,2025-11-03T11:29:00Z,'Frost',www.stern.de,de,1.0,"Kalte Jahreszeit: Den Garten winterfest machen: So überdauern Ihre Pflanzen Frost, Eis und Schnee","Nicht nur Pflanzen, sondern auch Gartenmöbel leiden im Winter. Wenn Sie im Frühjahr keine bösen Überraschungen erleben wollen, sollten Sie Ihren Garten zeitnah winterfest machen.",https://www.stern.de/familie/den-garten-winterfest-machen--so-schuetzen-sie-pflanzen---moebel-9021214.html,https://image.stern.de/9021216/t/I1/v6/w1440/r1.7778/-/garten-winterfest-machen-neu.jpg,http://web.archive.org/web/20251110155347/https://www.stern.de/familie/den-garten-winterfest-machen--so-schuetzen-sie-pflanzen---moebel-9021214.html,"Kopiere den aktuellen Link
Zur Merkliste hinzufügen
Nicht nur Pflanzen, sondern auch Gartenmöbel leiden im Winter. Wenn Sie im Frühjahr keine bösen Überraschungen erleben wollen, sollten Sie Ihren … [+7664 chars]",,"Kalte Jahreszeit: Den Garten winterfest machen: So überdauern Ihre Pflanzen Frost, Eis und Schnee. Nicht nur Pflanzen, sondern auch Gartenmöbel leiden im Winter. Wenn Sie im Frühjahr keine bösen Überraschungen erleben wollen, sollten Sie Ihren Garten zeitnah winterfest machen.","Cold season: Prepare the garden for winter: This is how your plants survive frost, ice and snow. Not only plants, but also garden furniture suffer in winter. If you don't want to experience any unpleasant surprises in spring, you should winterize your garden as soon as possible.","Frigidum tempus: parate paradisum hyeme: sic plantae tuae supersunt pruinae, gelu et nivis. Non solum plantae, sed etiam hortus supellectile hieme laborant. Si non vis aliquas molestias incommodas experiri in vere, hortum tuum quam primum hiemabo.",2025-10-21 13:07:08+00:00
457f2845bdde2a0cd86d3499c6fa05e4,2025-11-19T07:04:36Z,'Kälteeinbruch',www.morgenpost.de,de,0.9,Kälteeinbruch in Berlin: So können Sie obdachlosen Menschen helfen,Das Wetter in Berlin wird immer winterlicher. Besonders nachts ist es bitterkalt. Das stellt Obdachlose vor große Herausforderungen.,https://www.morgenpost.de/berlin/article410494090/kaelteeinbruch-in-berlin-so-koennen-sie-obdachlosen-menschen-helfen.html,https://img.sparknews.funkemedien.de/410494076/410494076_1763535879_v16_9_1600.jpeg,,"Die Temperaturen sinken und das Leben für Menschen, die auf der Straße leben, wird herausfordernder. Für die kommenden Tage sind in Berlin laut Deutschem Wetterdienst Temperaturen um den Gefrierpunkt… [+3827 chars]",,Kälteeinbruch in Berlin: So können Sie obdachlosen Menschen helfen. Das Wetter in Berlin wird immer winterlicher. Besonders nachts ist es bitterkalt. Das stellt Obdachlose vor große Herausforderungen.,"Cold snap in Berlin: This is how you can help homeless people. The weather in Berlin is becoming more and more wintry. It is bitterly cold, especially at night. This poses major challenges for homeless people.","Frigida disrumpens in Berlin: Sic homines profugos adiuvare potes. Tempestas Berolinensi magis magisque hiemalis fit. Perfrigidum est, praesertim noctu. Hoc movet provocationes maiores pro profugo populo.",2025-11-20 13:07:08+00:00
01dc9d7a15e8ca3be68265f5a3806d36,2025-11-19T08:32:18Z,'Kälteeinbruch',www.morgenpost.de,de,0.9,"Heizölpreise heute (Mittwoch, 19. November): Das kostet ein Liter aktuell",Kälteeinbruch in der Hauptstadt: In der dritten Novemberwoche wird Schneeregen erwartet. Wie wirkt sich das auf die Heizölpreise aus?,https://www.morgenpost.de/wirtschaft/article410477507/heizoelpreise-aktuell-heute-19-november-2025-heizoel-kaufen-heizung.html,https://img.sparknews.funkemedien.de/406858452/406858452_1736921631_v16_9_1600.jpeg,,"In Berlin sinken die Temperaturen immer weiter: In der Nacht zum Donnerstag fällt zeitweise etwas Schneeregen, im Norden Brandenburgs kann es vorübergehend auch zu leichtem Schneefall kommen. Entspre… [+8287 chars]",,"Heizölpreise heute (Mittwoch, 19. November): Das kostet ein Liter aktuell. Kälteeinbruch in der Hauptstadt: In der dritten Novemberwoche wird Schneeregen erwartet. Wie wirkt sich das auf die Heizölpreise aus?","Heating oil prices today (Wednesday, November 19th): This is what a liter currently costs. Cold snap in the capital: Sleet is expected in the third week of November. How does this affect heating oil prices?",Olei calefactionis pretia hodie (mercede die 19 mensis Novembris): Hoc est quod nunc sextarius constat. Frigidum frangeretur in capite: Sleet expectatur in tertia septimana mensis Novembris. Quomodo hoc afficit oleum calefactionis pretium?,2025-11-20 13:07:08+00:00
62e7ffc00568ef315731553ed43f2ed8,2025-11-19T08:41:52Z,'Kälteeinbruch',www.morgenpost.de,de,0.9,Pelletspreise am Mittwoch (19. November): Der Preis pro Tonne heute,"Die Hauptstadt erwartet ein Kälteeinbruch: Wer seinen Pelletsvorrat auffüllen muss, sollte schnell sein. Die Preise pro Tonne im Überblick.",https://www.morgenpost.de/wirtschaft/article410478637/pelletspreise-aktuell-heute-19-november-2025-holz-pellets-kaufen-preis-tonne.html,https://img.sparknews.funkemedien.de/406640804/406640804_1719220732_v16_9_1600.jpeg,,"Schneeregen bis leichter Schneefall: In der dritten Novemberwoche dürften die Heizungen in der Hauptstadt auf Hochtouren laufen. Verbraucherinnen und Verbraucher sollten zeitig prüfen, ob eine Bestel… [+6107 chars]",,"Pelletspreise am Mittwoch (19. November): Der Preis pro Tonne heute. Die Hauptstadt erwartet ein Kälteeinbruch: Wer seinen Pelletsvorrat auffüllen muss, sollte schnell sein. Die Preise pro Tonne im Überblick.","Pellet prices on Wednesday (November 19): The price per ton today. A cold snap awaits the capital: If you need to replenish your pellet supply, you should act quickly. The prices per ton at a glance.","Pretium pilae die Mercurii (19 Novembris): pretium hodie ton. Frigidus franguntur capitale manet: Si globulo copiam replere debes, cito agere debes. Pretia per ton at a glance.",2025-11-20 13:07:08+00:00
